,Name,Email
0,CBDwelt.de der Endower GmbH,info@cbdwelt.de
1,EASYFITNESS Franchise GmbH,info@easyfitness.club
2,ganio.de Einzelunternehmen,info@ganio.de
3,Eine Marke der Centerboard Holdings Incorporation,service@herbano.com
4,This Is Vegan - Plantbased Lifestyle Magazin Einzelunternehmen,info@this-is-vegan.com
5,SONNENTOR Kräuterhandelsgesellschaft mbH,online@sonnentor.com
6,Vegan Box GmbH,info@vegan-box.de
7,Compster GbR,info@wurmturm.com
8,Styleholz GmbH,hallo@styleholz.com
9,Kazi Yetu UG,hello@kazi-yetu.com
10,Lunettes Selection Einzelunternehmen,info@lunettes-selection.de
11,Blanks GmbH & Co. KG,team@vom-achterhof.de
12,Rund um die Biene e.U.,info@rund-um-die-biene.at
13,Vegablum KG,info@vegablum.de
14,JOY NATURALS GmbH GmbH,a.herlbauer@joy-naturals.at
15,TeeGschwendner GmbH,teemail@teegschwendner.de
16,Balteschwiler Consulting Einzelfirma,info@balteschwilerconsulting.ch
17,Honest & Rare UG,cheers@honest-rare.de
18,NakedNature Naturkosmetik Einzelunternehmen,kontakt@nakednature.de
19,Futonwerk & Neonatura GmbH,ug@futonwerk.de
20,BKK ProVita – Die Kasse fürs Leben. -,info@bkk-provita.de
21,Peel Of Tea UG,office@peel-of-tea.de
22,Govinda Natur GmbH,info@govindanatur.de
23,Fachingen Heil- und Mineralbrunnen GmbH,info@fachingen.de
24,Blaufaktor GmbH & Co. KG GmbH & Co. KG,info@blaufaktor.de
25,Linario GmbH,mail@linario.de
26,Zimply Natural GmbH,kontakt@zimplynatural.de
27,Fontaine Nahrungsmittel GmbH,info@fontainefood.de
28,Lichtgrün GmbH,info@lichtgruen-cosmetics.com
29,Kaufdahoam.at OG,Office@kaufdahoam.at
30,bluvion GmbH,wecare@blubonbon.com
31,OraGarden GmbH,marketing@oragarden.de
32,CONSULTA AG Aktiengesellschaft,info@consulta-ag.de
33,Glocal Food & Drinks Rüdiger Olschewski GbR,info@glocalgin.de
34,Forever Thirsty GmbH,contact@forever-thirsty.com
35,Kluuf GmbH,info@kluuf.com
36,LANGE & REBSCH GROUP GmbH,hallo@liebelei.me
37,Grote & Co. Spirits oHG oHG,grote@grote-spirits.com
38,greenyogashop GmbH,info@greenyogashop.com
39,Delinat AG,kundenservice@delinat.com
40,Value for Generations GmbH,greenkitchen.val4gen@gmail.com
41,Bioland Weingut Ansgar Galler Einzelunternehmen,mail@weingut-galler.de
42,bamtoo Einzelunternehmen,info@bamtoo.de
43,lkm kmlk,noack@jobverde.de
44,Feel Limited Company,hallo@wearefeel.com
45,caámate Einzelunternehmen,info@caamate.de
46,EVR Medical Conceptions GmbH,info@dermaplan.de
47,Ethno-Health Group BV,info@ethno-health.com
48,my-Biowine - Günter M. Rindt Einzelunternehmen,office@my-biowine.de
49,Nutrition-Plus Germany e.K.,info@nutri-plus.de
50,goodmoodfood GmbH,office@goodmood-food.net
51,Dr. Enzo Backmischungen für Hunde Einzelunternehmen,info@drenzo.de
52,Holle baby food AG,babyfood@holle.ch
53,Peturo GmbH,alex@mammaly.de
54,Marsapet GmbH,kontakt@marsapet.de
55,Green Petfood (foodforplanet GmbH & Co. KG),green-petfood@foodforplanet.de
56,Yarrah Organic Petfood BV,info@yarrah.com
57,Rose Office GmbH,info@rose-office.com
58,Aries Athletics GbR,info@ariesathletics.de
59,KoRo Handels GmbH,service@korodrogerie.de
60,MEIN GENUSS GmbH,service@meingenuss.de
61,Original Beans B.V.,info@originalbeans.com
62,Alpine White,info@alpinewhite.ch
63,Miezenhaps Einzelunternehmen,jessica.jungmann@miezenhaps.de
64,esskultour Catering Köln UG,post@esskultour-koeln.de
65,Fairnatural GmbH,info@fairnatural.de
66,MyCupOfTea GmbH,info@mycupoftea-shop.com
67,Breathe Solutions GmbH,hello@breathe-organics.com
68,meinetage.at - nachhaltige Monatshygiene Einzelunternehmen,kontakt@meinetage.at
69,Nature Basics GmbH,friends@naturebasics.de
70,Yummy Organics GmbH,info@yummy-organics.de
71,ELMT UG,hello@inner-elmt.com
72,Umwelt-Bildungszentrum Berlin gGmbH,info@umwelt-bildungszentrum.de
73,Black Bear GmbH,office@black-bear.at
74,Quorn Smart Life GmbH,QuornSL@quornfoods.com
75,Backefix - by Sprouting GmbH,info@backefix.com
76,Kurhaus Marienkron GmbH,info@marienkron.at
77,Libuni Verein,verein@libuni.eu
78,El Puente GmbH,info@el-puente.de
79,Biomarkt Lämmerhof Inhabergeführt,hofladen@laemmerhof.de
80,Haus Neumühle Restaurant-Hotel natürlich bio Einzelfirma,info@neumuehle.ch
81,Hanfland GmbH,office@hanfand.at
82,Förderkreis Biozyklisch-Veganer Anbau e.V. e.V.,foerderkreis@biozyklisch-vegan.org
83,Veda Naturals GmbH,info@vedanaturals.de
84,Brüder Unterweger GesmbH,office@unterweger-wellness.com
85,founderholics GmbH,friends@founderholics.com
86,AlpenPower GmbH,service@alpenpower.com
87,Swaytis GmbH,info@swaytis.de
88,Kloster Kitchen – eine Marke der curameo AG AG,marketing@klosterkitchen.com
89,SIRPLUS GmbH GmbH,mail@sirplus.de
90,WeltPartner eG eingetragene Genossenschaft,info@weltpartner.de
91,The Plant Magic Company GmbH,hi@theplantmagic.co
92,Kulmine e. K.,post@kulmine.de
93,lacely GmbH GmbH,info@lacely-group.com
94,GOOPACKO GmbH,hallo@goopacko.de
95,Institut Dr. Rilling Healthcare GmbH,info@rilling-healthcare.de
96,faktura gGmbH,mail@faktura-berlin.de
97,Packtive Entertainment UG,servus@packtive.de
98,be tanics GmbH GmbH,hello@betanics.de
99,CBDSI GmbH,lifeverde@cbdcielo.org
100,Scandinavian Biolabs ApS,kontakt@scandinavianbiolabs.de
101,health1 GmbH,hello@miapanda.de
102,VITA INVEST Einzelfirma,info@vita-invest.eu
103,vetevo GmbH,info@vetevo.de
104,dualseele Einzelunternehmen,info@dualseele-yoga.de
105,purento GmbH,info@terra-pura-tiernahrung.de
106,Vivobase GmbH,info@vivobase.de
107,Zai Organic Products & Communications GmbH,argiris.valdramidis@zai-tea.com
108,Deine Ernährung Einzelunternehmen,info@deine-ernaehrung.de
109,ecodemy GmbH,info@ecodemy.de
110,Droste-Laux Naturkosmetik GmbH & Co. KG,info@droste-laux.de
111,WINEGINEERS Einzelunternehmen,info@winegineers.de
112,Sommerhanf - DCM - Deutsche Cannabis Manufaktur UG (haftungsbeschränkt),marketing@sommerhanf.de
113,foodloose GmbH,kooperationen@foodloose.net
114,OneLife GmbH,mail@onelife.eco
115,Ofner DER BACKPROFI GmbH,office@derbackprofi.at
116,tempehmanufaktur - Schnappinger GmbH,info@tempehmanufaktur.net
117,the nu company GmbH,info@the-nu-company.com
118,biowein-erlesen Weinhandel Olaf Nitzsche Einzelunternehmen,info@biowein-erlesen.de
119,Hoffmann Germany GmbH,info@hoffmann-germany.de
120,Grafschafter Krautfabrik GmbH & Co. KG,krautfabrik@grafschafter.de
121,Kräuterkontor - Verbena VH Handels GmbH,info@kraeuterkontor.de
122,Sole Runner Einzelunternehmen,info@sole-runner.com
123,ManuTeeFaktur GmbH,info@manuteefaktur.com
124,Voi Guad GbR,info@voi-guad.de
125,for you eHealth GmbH,info@foryouehealth.de
126,Now2You Handels GmbH GmbH,service@now2you.at
127,Kaffeerösterei PeRu Einzelunternehmen,info@cafe-peru.de
128,eco2eat GmbH,hello@eco2eat.com
129,Meeresgarten c/o oceanBASIS GmbH,info@oceanbasis.de
130,Elbe Life Science GmbH,info@elbelifescience.com
131,Lini's Bites UG,info@linisbites.com
132,okäse GmbH,service@okaese.de
133,Wacker GmbH,shop@bleibwacker.com
134,sunny-tableware GmbH GmbH,info@sunny-tableware.de
135,Green-Bag Getränke GmbH,office@green-bag.at
136,Carl Wilhelm Clasen GmbH,service@clasen-bio.de
137,promavis - BIObay.de GmbH,info@biobay.de
138,Geile Vitamine food&supplements GmbH,service@geilevitamine.de
139,TISSO Naturprodukte GmbH,info@tisso.de
140,smile brush+ GbR,info@smilebrushplus.com
141,FROG.passion GmbH,service@frogcoffee.de
142,riva Systemtechnik GmbH,info@riva-filter.de
143,STRAYZ Petfood GmbH,info@strayz.de
144,niceshops GmbH,office@ecco-verde.com
145,CONTIGO Fairtrade GmbH,info@contigo.de
146,BWT Sports & Digital Services GmbH,news@bwt.com
147,Retulp Custom B.V.,kontakt@retulp.de
148,HAKA Kunz GmbH,kontakt@haka.de
149,Ayurveda Soulfood Eva Baumgartl,hello@ayurveda-soulfood.de
150,CANWAY Schweiz GmbH,kontakt@greenpassion.ch
151,Der Zooexperte (Marsapet GmbH),kontakt@marsapet.de
152,Wunschkapsel GmbH,info@wunschkapsel.de
153,Primal Harvest GmbH,info@primalharvest.de
154,KANNE BROTTRUNK GMBH & CO. BETRIEBSGESELLSCHAFT KG,info@kanne-brottrunk.de
155,djoon GmbH,leon@djoon.de
156,LiveFresh GmbH,hallo@livefresh.de
157,pjyrity© GmbH,dk@pjyrity.com
158,PURESUPPLEMENTS by Coach Serdi® Enizelunternehmen,kontakt@purehealthy.eu
159,Sprossenliebe OG,post@sprossenliebe-microgreens.com
160,Ogaenics Novel Nutriology GmbH,hello@ogaenics.com
161,TanteLy - eine Marke der Walter Lang GmbH GmbH,hello@tantely.bio
162,Beflora CBD Einzelunternehmen,Ben@beflora.de
163,crooked elements GmbH,info@crooked-elements.com
164,Nefertem Naturprodukte Einzelunternehmung,info@nefertem-naturprodukte.de
165,stick & lembke GmbH,info@stick-lembke.de
166,KONTOR 1710 ac.concept GmbH & Co. KG,info@kontor1710.de
167,KLIMA ARENA Der Klima-Erlebnisort,besucherinfo@klima-arena.de
168,PEKANA Naturheilmittel GmbH,info@pekana.com
169,LUUP GmbH,info@luupcoffee.de
170,HempCrew - Weedo Lifestyle & Media GmbH,support@hempcrew.de
171,Münsteraner Finne GmbH,info@finne-brauerei.de
172,MyEy Ei-Ersatz Öko Insel - GS Handels GmbH,info@myey.info
173,Akal Food - Die Vollwert Spirulina Inh. Dr. Frank Winter,frank@akalfood.de
174,Coffee Circle Circle Products GmbH,kontakt@coffeecircle.com
175,biond GmbH,info@biond.de
176,Leckeres Leinöl GbR,info@leckeres-leinoel.de
177,Löwenzahn Organics GmbH,hello@loewenzahnorganics.com
178,Blue Farm Iconic Drinks GmbH,presse@bluefarm.co
179,SpiceNerds GmbH,info@spicenerds.com
180,bJuice Smart Drinks GmbH & Co. KG,info@bjuice.de
181,KULAU GmbH,jennifer.riehl@kulau.de
182,Better Foodprint UG,kontakt@better-foodprint.de
183,My Herbal Diary GmbH,hallo@myherbaldiary.de
184,Butterstulle Catering und Service GmbH,post@butterstulle.berlin
185,BERLIN SMILE ZAHNZENTRUM MVZ,info@berlin-smile.de
186,Eversnack Einzelunternehmen,info@eversnack.de
187,Flamingo Road UG (haftungsbeschränkt),service@traumtropfen.me
188,Heimgart / EASTSIDE IMPEX Handelsgesellschaft mbH,post@heimgart.com
189,VeggieSweets Einzelunternehmen,info@veggiesweets.de
190,Elissón Olive Oil & More Inh. Nikos Pulos,info@elisson.de
191,chocri GmbH,info@chocri.de
192,Fairment - Primal Life GmbH,briefkasten@fairment.de
193,Ökofrost GmbH,info@oekofrost.de
194,LUCKY VEGAN - Die vegane Überraschungsbox E.,info@lucky-vegan.com
195,SweMa GmbH,info@swema-lebensmittel.de
196,Deutsche-Delikatessen.de Einzelunternehmen,kontakt@deutsche-delikatessen.de
197,SPICEBAR GmbH,info@spicebar.de
198,Melro's Best GmbH,info@simplyraw.de
199,LIMBUA Deutschland GmbH,info@limbua-group.com
200,Fru'Cha! GmbH Bio und Fairtrade Trockenfrüchte,office@frucha.de
201,Margreblue GmbH,mail@margreblue.de
202,Teekampagne GmbH,biotee@projektwerkstatt.com
203,Ella´s Basenbande GmbH & Co. KG,jil@basenbande.de
204,MAUNAWAI GmbH,info@maunawai.com
205,Loma.eco GmbH,support@loma.eco
206,SanaBio GmbH,info@sanabio.bio
207,Voelkel Naturkostsäfte GmbH,info@voelkeljuice.de
208,Elbtalaue Naturkostprodukte GmbH,info@elbtalaue-naturkostprodukte.de
209,bios GmbH GmbH,info@bios.de
210,Gut Saunstorf gGmbH - Der Klosterladen,service@derklosterladen.com
211,Dr. Taffi Kosmetik Deutschland und Österreich e.K.,info@drtaffi.de
212,B.TEALY GmbH,service@b-tealy.de
213,No Coffee GmbH,hello@no-coffee.de
214,Braaker Mühle Brot- und Backwaren GmbH,baeckerei@braaker-muehle.de
215,Worlée NaturProdukte GmbH,naturprodukte@worlee.de
216,vinoverde - Bioweinhandel Einzelunternehmer,info@vinoverde.de
217,Bäckerei Bahde GmbH Produktion und Verkauf von Demeter-Backwaren,bestellung@bahde.de
218,ethiconomy services gmbh,make@bedda-world.com
219,Nelsons GmbH,info-de@nelsons.net
220,HEJ Natural - Goodlife Company GmbH,hej@hej-natural.de
221,Kale&Me GmbH,hallo@kaleandme.de
222,Gut Wulksfelde GmbH,info@gut-wulksfelde.de
223,MeaVita (JMP Service KG),info@meavita.de
224,Ratsherrn Brauerei GmbH GmbH,info@ratsherrn.de
225,EAT SMARTER GmbH & Co. KG Verlagswesen,info@eatsmarter.de
226,beckers bester GmbH,info@beckers-bester.de
227,schuelke GmbH,info@schuelke.com
228,Golconda GmbH,sderosa@golconda.de
229,LOGOCOS Naturkosmetik AG,post@logocos.de
230,PURYA GmbH,info@purya.de
231,Kornkiste - Unverpackt-Online Einzelunternehmer,kornkiste@gmail.com
232,TOFU Manufaktur Christian Nagel GmbH GmbH,kontakt@tofunagel.de
233,Eat like Eve e.K.,post@eat-like-eve.de
234,Küstentee e. K.,info@kuestentee.de
235,Gebrüder Ewald GmbH,info@ueberwood.eu
236,Ölmühle Solling GmbH,info@oelmuehle-solling.de
237,natürlich lang leben UG,info@natuerlichlangleben.de
238,Bremer Gewürzhandel GmbH,info@bremer-gewuerzhandel.de
239,Liebesgut Tiernahrungs GmbH & Co. OHG GmbH & Co. OHG,kontakt@liebesgut-tiernahrung.de
240,CBD-Infos.com Einzelunternehmen,hallo@cbd-infos.com
241,Bionatic GmbH & Co. KG,greenbox@bionatic.de
242,EXVital GmbH,community@exvital.de
243,Essento Insect Food GmbH,hallo@essento.eu
244,VIVANI Bioschokolade GmbH,info@vivani.de
245,EcoFinia GmbH,info@ecofinia.de
246,herzberger bäckerei GmbH,info@herzberger.com
247,KEIKO Shimodozono International GmbH,info@keiko.de
248,jomu BIO Gesundheitsprodukte,info@gerstengras-natur.de
249,Kumaio Selecto @ H&T Feinkost GmbH,hello@kumaio-selecto.de
250,AVE – Absolute Vegan Empire GmbH & Co. KG,info@ave.vg
251,Löwenanteil GmbH,thomas@loewenanteil.com
252,vekoop GmbH,info@vekoop.de
253,Betty Butter GmbH,mail@bettybutter.de
254,Dr. C. SOLDAN GmbH,kundenservice@soldan.com
255,Kräuterladen.com UG & CO. KG,info@vollzucker.de
256,RAWBITE ApS,info@rawbite.com
257,saftgras GmbH,info@saftgras.de
258,Eisblümerl Naturkost GmbH,info@eisbluemerl.de
259,Freude am Genuss GmbH,info@gewuerz-glueck.com
260,tesano bio UG (haftungsbeschränkt),info@tesanobio.de
261,Trinity Food Einzelunternehmen,info@trinity-food.de
262,Neumarkter Lammsbräu Gebr. Ehrnsperger KG,info@lammsbraeu.de
263,Georg Thalhammer - Handel mit Bio-Lebensmitteln e.K.,info@georgthalhammer.com
264,ayurvedaben (Einzelunternehmen),anfragen@ayurvedaben.com
265,Jalall D'or GmbH,info@jalalldor.de
266,Natural Self KU,info@natural-self.de
267,Purabyo GmbH,hello@purabyo.de
268,Destillerie Dwersteg GmbH & Co. KG,info@dwersteg.de
269,knuspur e.K:,business@knuspur.eu
270,Hassia Mineralquellen GmbH&Co.KG GmbH&Co.KG,kundenservice@hassia-gruppe.com
271,UEBE Medical GmbH,info@cyclotest.de
272,MASMI ORGANIC CARE Health & Care,post@masmi-organic-care.com
273,Andros SO GOOD So Veggie Andros Deutschland GmbH,info@andros.de
274,Rebional GmbH,info@rebional.de
275,Unverträglichkeitsladen Tobias Höhne Einzelunternehmer,Info@unvertraeglichkeitsladen.de
276,858 Handels GmbH,service@matcha-karu.com
277,Organic Garden AG,info@organicgarden.de
278,FRUTEG GmbH,info@fruteg.de
279,BTK Bio-Tierkost GmbH,service@bio-tierkost.de
280,Tetra Pak GmbH @ Co KG,tphinfo@tetrapak.com
281,Transgourmet Deutschland GmbH & Co. OHG,kontakt@transgourmet.de
282,TERRA KAHWA Deutschland UG (haftungsbeschränkt),info@terra-kahwa.de
283,Pottsalat GmbH,kontakt@pottsalat.de
284,Bienenwixe,info@bienenwixe.de
285,D-Felderzeugnisse GmbH,service@defu.de
286,Demeter-Felderzeugnisse GmbH,demeter@felderzeugnisse.de
287,GEPA - The Fair Trade Company GmbH,info@gepa.de
288,Matchachin - Tausendkraut GmbH,energy@matchachin.com
289,BULLDOG Hautpflege,hello@bulldoghautpflege.com
290,Biovegan GmbH,info@biovegan.de
291,Grönaverde - ALPiNOFiT GmbH,servus@alpinofit.de
292,GÍÍLINEA BÍO KG,office@giilinea.com
293,ORBIMED Meine Mundgesunde Personengesellschaft,info@orbimed.de
294,Pilze Wohlrab GmbH & Co. KG,bestellung@vitalpilze-naturheilkraft.de
295,Ökokiste e.V.,info@oekokiste.de
296,Bärbel Drexel GmbH,service@baerbel-drexel.de
297,Happy Coffee GmbH,support@happycoffee.org
298,CBDNOL GmbH,info@cbdnol.com
299,Wirtz Wellness Produkte Einzelunternehmen,info@wirtzwellnessprodukte.de
300,Wild Baboon GmbH,kontakt@wildbaboon.de
301,Haus Rabenhorst GmbH & Co. KG,info@haus-rabenhorst.de
302,meine ernte GbR,info@meine-ernte.de
303,Byodo Naturkost GmbH,info@byodo.de
304,Veggie Specials Einzelunternehmen,info@veggie-specials.com
305,Sleepful Wellness UG,domink@sleepful.de
306,PLANT BASED POWER GmbH,hello@feel-food.com
307,Kräutermax GmbH & Co KG,shop@kraeutermax.at
308,Wellnessel UG (haftungsbeschränkt),info@wellnessel.com
309,mehr-gruen.de Einzelunternehmen,kontakt@mehr-gruen.de
310,Trinkkost GmbH,support@trinkkost.de
311,MADENA GmbH & Co. KG,info@madena-kg.de
312,RohKöstlich GmbH,info@rohkoestlich.com
313,Fair Karma GmbH,info@fairkarma.de
314,FAIR SQUARED GmbH,info@fairsquared.info
315,Karl-Otto Werz Naturkornmühle GmbH & Co. KG,vollwert@werz.bio
316,PAULkocht gGmbH,info@paul-kocht.de
317,Karapatzakis Aristos Olivenöl GbR,kontakt@aristos-olivenoel.de
318,Green Cola Germany GmbH,marketing@greencolagermany.de
319,Laetitia Naturprodukte Dr. C. SOLDAN Natur- und Gesundheitsprodukte GmbH,info@bitterstern.de
320,Naturata AG,kontakt@naturata.de
321,Little Lunch GmbH,support@littlelunch.de
322,SALUVegan -,info@saluvegan.com
323,Miko Kaffee GmbH,vertrieb@mikokaffee.de
324,drinkitnow GmbH,rose@drinkitnow.de
325,completeorganics GmbH,hi@completeorganics.de
326,THE DUKE Destillerie - Einzelunternehmen,info@theduke-gin.de
327,everdry GmbH & Co. KG,info@everdry.de
328,Buah GmbH,info@buah.de
329,Beutelsbacher Fruchtsaftkelterei GmbH,info@beutelsbacher.de
330,sana essence GmbH,info@sana-essence.de
331,GUATAVITA - Panela by Meisel Fine Goods GmbH GmbH,hola@guatavita.de
332,vitalundfitmit100 GmbH,info@vitalundfitmit100.de
333,SUVO Einzelfirma Susanne Vogel,info@suvovital.com
334,Vita Et Natura GmbH,info@vitaetnatura.com
335,JARFOOD GmbH,support@jarmino.de
336,etepetete GmbH,kundensupport@etepetete-bio.de
337,Kraftmischer GmbH,info@kraftmischer.de
338,Hanf im Glück GmbH,kontakt@hanf-im-glueck.shop
339,Hevert-Arzneimittel GmbH & Co. KG,info@hevert.de
340,I·DO - Antidote Vertriebs GmbH,hallo@ido.bio
341,BioProphyl GmbH,info@bioprophyl.de
342,Mate de Pantera GmbH,info@matedepantera.de
343,Pastazeit GesnbR,office@pastazeit.com
344,strick-mir-was.at e.U.,willkommen@strick-mir-was.at
345,KRAFTVOLL Einzelunternehmen,frank@kraftvoll-superfoods.de
346,reCIRCLE Deutschland (Elithro GmbH),mitmachen@recircle.de
347,livQ AG,info@livq.de
348,Feelgood Shop B.V.,info@feelgood-shop.com
349,Erdschwalbe - Thomas Zimmermann Einzelunternehmen,info@erdschwalbe.de
350,Niehoffs Vaihinger Fruchtsaft GmbH,info@nvf-marken.de
351,OPW Ingredients GmbH,info@opw-ingredients.com
352,GreenSmile GmbH,office@mysalifree.com
353,organic veggie food GmbH,info@soto.de
354,Signature Products GmbH,info@signature-products.com
355,Nordic Trading Group BV,info@nordicoil.de
356,Pure Haircare - Lifestyle Brands GmbH,office@purehaircare.at
357,1616 Pfaffmann Einzelunternehmen,info@pfaffmann-wein.de
358,Mäx & Mäleon GmbH,hello@maeleon.info
359,youforfuture - DEUTIM GmbH,wald@deutim.de
360,HausbootGeist ® GbR,info@hausbootgeist.de
361,WATTSTUNDE GmbH,info@wattstunde.de
362,GOBAX Bikes GmbH & Co. KG,info@gobax-bikes.de
363,Klima Kontor - Planung und Beratung GmbH,info@klima-kontor.de
364,Holztechnik Bernickel Carport & Holzbau Einzelunternehmen,info@holztechnik-bernickel.de
365,Schwalbe - Ralf Bohle GmbH GmbH,info@schwalbe.com
366,LINY Einzelunternehmen,kontakt@liny-bikes.de
367,Ca Go Bike GmbH,info@cagobike.com
368,E Bonus GbR,info@service-e-bonus.de
369,LEGEND EBIKES GmbH,kontakt@legendebikes.com
370,Sole Runner Einzelunternehmen,info@sole-runner.com
371,Geotab GmbH,infode@geotab.com
372,Tout Terrain GmbH & Co. KG,info@tout-terrain.de
373,Sixt SE,kundenbetreuung(at)sixt.com
374,Antonia Berndt & Julia Meinert GbR,info@antoniaberndt.de
375,KLIMA ARENA Der Klima-Erlebnisort,besucherinfo@klima-arena.de
376,ZIMMER Fahrradtaschen RAFU + ZIMMER OHG,mail@zimmer-taschen.de
377,e-motion Experts GmbH,info@emotion-technologies.de
378,pliant GmbH,info@getpliant.com
379,GETAWAY GETAWAY GmbH,info@get-a-way.com
380,BS BERLIN SHUTTLE GmbH,info@berlin-shuttle.de
381,Bundesverband eMobilität e.V. (BEM) e.V.,info@bem-ev.de
382,atmosfair gGmbH,info@atmosfair.de
383,REBEL Marketing GmbH,atzler@e-miglia.com
384,e-bike erfahren Gbr (Uniprojekt auf Zeit),ebike-erfahren@mail.de
385,ubitricity Gesellschaft für verteilte Energiesysteme mbH GmbH,contact@ubitricity.com
386,Berlin Linien Bus GmbH GmbH,info@berlinlinienbus.de
387,SEG Sonnenrepublik Energie GmbH GmbH,info@sonnenrepublik.de
388,eMobilitätOnline.de Einzelunternehmen,info@emobilitaetonline.de
389,Urwahn Engineering GmbH,info@urwahnbikes.de
390,Transportrad MV Einzelunternehmung,kontakt@transportrad-mv.de
391,WattRad Anja Wegner Einzelfirma,info@wattrad.com
392,City Express Logistik GmbH GmbH,mail@cityexpress.de
393,Egret Walberg Urban Electrics GmbH,info@my-egret.com
394,e-Formel.de Einzelunternehmen,contact@e-formel.de
395,TRANKVILE electric vehicles Einzelunternehmer,office@trankvile.com
396,scuddy - Faltbare Elektroscooter GmbH & Co. KG,info@scuddy.de
397,my Boo GmbH,contact@my-boo.de
398,cambio Mobilitätsservice GmbH & CoKG,info@cambio-carsharing.de
399,Grüne Autos Magazin (Angebot von TAN Media) Einzelunternehmen,info@grueneautos.com
400,FMS Future Mobility Solutions GmbH,info@future-mobility-solutions.com
401,EcoLibro GmbH GmbH,info@ecolibro.de
402,e-bility GmbH,info@electronic-mobility.com
403,mika amaro Urban Bikes -,info@mika-amaro.com
404,Bundesverband Bioenergie (BBE) e. V.,geisen@bioenergie.de
405,Lastenrad-Fabrik Einzelfirma,info@lastenrad-fabrik.de
406,Carglass GmbH,Empfang@CARGLASS.de
407,Croozer GmbH,info@croozer.com
408,Eco-Consult GmbH GmbH,info@ecofahr.com
409,EIGHT GmbH @ Co. KG,info@eight.eu
410,GOVECS SCOOTER AG,hello@govecs.com
411,FISCHER - die fahrradmarke GmbH,info@fischer-fahrrad.de
412,Stadtwerke Nürtingen GmbH,stadtwerke@sw-nuertingen.de
413,Heindl Server GmbH / eMobilServer GmbH,info@innotech-medien.de
414,StreetScooter Research GmbH,info@streetscooter-research.eu
415,tamyca GmbH,info@tamyca.de
416,Ducktrain DroidDrive GmbH,contact@ducktrain.io
417,Babboe BV,info@babboe.de
418,BlaBlaCar S.A.,info@blablacar.de
419,Cantana GmbH,info@cantana.com
420,nice to meet me OG,mail@nicetomeetme.at
421,vervola GmbH,susanne@vervola.com
422,neu.land GmbH,hello@elamo.me
423,Celtic & Co. Ltd,kathrin.barnes@celticandco.com
424,We Are Knitters SL,sabrina@weareknitters.com
425,This Is Vegan - Plantbased Lifestyle Magazin Einzelunternehmen,info@this-is-vegan.com
426,ila·ila | FAIR CONCEPT STORE GmbH,info@ilaila.de
427,VorReiter Einzelunternehmen,isabel.salecker@vorreiter-reitsport.de
428,URBN STDIOS AG,hello@urbnc3.com
429,Fair Couture Einzelunternehmer,mail@faircouture.com
430,Nordgreen Aps,hallo@nordgreen.com
431,Barn Bux Einzelunternehmen,info@barnbux.de
432,Lunettes Selection Einzelunternehmen,info@lunettes-selection.de
433,Boob Design GmbH,shop@boobdesign.com
434,ecodog® Einzelunternehmen,nicole.kraft@ecodog.de
435,Yvonne Mankel Jewellery • Nachhaltiger Schmuck & Trauringe Einzelunternehmen,info@yvonnemankel.de
436,Baron Filou GmbH,office@baronfilou.com
437,Spirit of Island Einzelunternehmen,friends@spiritofisland.de
438,OH OH OM ethical sportswear Einzelunternehmen,ethicalsportswear@ohohom.com
439,Elkline GmbH,customerservice@elkline.de
440,GOT BAG GmbH,hello@got-bag.com
441,B KREB jewelry Einzelunternehmen,mail@bkreb.com
442,Unterwegs Outdoor Shop GmbH,shop@unterwegs.biz
443,Shop Like You Give a Damn B.V.,info@shoplikeyougiveadamn.com
444,Kulson GmbH,info@kulson.de
445,Wildling Shoes GmbH,https://www.wildling.shoes/pages/kontakt
446,Fair Affairs GmbH,rainer@my-fair-affair.com
447,Felidae (Europe) GmbH,hello@kattbjoern.de
448,Levensgaarn Andrea Sauer,info@levensgaarn.de
449,Reciclage Einzelunternehmen,info@reciclage.de
450,STAMPS GmbH,info@stamps.eu
451,Feelgrounds Ltd,info@feelgrounds.com
452,New Systems GmbH,service@selenacare.com
453,Souleway GmbH,hello@souleway.com
454,Gebrüder Haasis GmbH & Co. KG,admin@haasis-bodywear.de
455,Nordlicht Naturtextilien GmbH,mail@nordlichtstore.com
456,dayê rose UG (haftungsbeschränkt) & Co. KG,sermin@dayerose.com
457,Maren Jewellery Einzelunternehmen,helge@marenjewellery.com
458,Schwabenpower c/o MTS Schrode AG,team@schwabenpower.de
459,ocean-wear Einzelunternehmer,o.icli@ocean-wear.store
460,Trauringmanufaktur Einzelunternehmen,info@trauringmanufaktur.de
461,Kristin Elm Einzelunternehmen,info@kristinelm.com
462,greenyogashop GmbH,info@greenyogashop.com
463,AMANA Beachwear KLG,info@amanabeachwear.com
464,Nordic Flow GmbH & Co. KG,namaste@chakrana.world
465,Modibodi Limited,info@modibodi.com
466,RADIAN Design,contact@radian-design.com
467,Bon + Berg Bon and Berg Ltd,hello@bonandberg.com
468,changemaking.now Einzelunternehmen,info@changemakingnow.com
469,Tiny Wild Hearts e.U.,office@tinywildhearts.com
470,VOLANS Swimwear GmbH,info@volans.ch
471,modabilé OHG,info@modabile.de
472,Jojeco GmbH,shop@jojeco.de
473,RH Royal Horsemen GmbH,info@royalhorsemen.de
474,Pikfine GmbH,service@pikfine.de
475,Awearable GmbH,contact@awearable.eu
476,Sanna Lindström GmbH,hej@sannalindstroem.de
477,Givn Berlin Stoffbruch Fair Fashion GmbH,info@givnberlin.com
478,toolly Einzelunternehmen,tomo@toolly.de
479,Marin et Marine GBR,hello@marinetmarine.com
480,Jurtenleder UG,info@jurtenleder.com
481,Pantolinos Manufaktur GmbH,info@pantolinos.de
482,Lila Lämmchen GmbH,service@lilalaemmchen-shop.de
483,Engel GmbH,info@engel-natur.de
484,KATTUN-Stoffe.de Einzelunternehmen,info@kattun-stoffe.de
485,Naturzwerge Kindermode Einzelunternehmen,info@naturzwerge-kindermode.de
486,Cottonbudbaby Relenda GmbH,service@cottonbudbaby.com
487,petit cochon Manufaktur GmbH,kontakt@petit-co.com
488,Hug & Grow e. K.,hallo@hug-and-grow.de
489,Wecando Group Großhandels GmbH,mail@vuelove-shop.de
490,Orbasics GmbH,hi@orbasics.com
491,Kalima Einzelunternehmen,info@kalima-design.de
492,m23 sports & fashion UG (haftungsbeschränkt),info@m23.store
493,pos.sei.mo Marianne Birkenfeld Einzelfirma,info@posseimo.de
494,QWSTION AG,wecare@qwstion.com
495,Living Crafts GmbH & Co. KG,info@livingcrafts.de
496,Rheinufer e.K.,service@rheinufer.net
497,Vegamina Einzelunternehmen,info@vegamina.de
498,fairtragen GmbH,kontakt@fairtragen.de
499,dedics UG,info@evidend.de
500,Spangeltangel (Peggy Albrecht Diplomdesignerin) Einzelunternehmen,info@spangeltangel.de
501,SALZWASSER GmbH,info@salzwasser.eu
502,TRANQUILLO GmbH,info@tranquillo-shop.de
503,MONTREET EPU,office@montreet.net
504,Kiglu GmbH,hallo@kiglu.de
505,anlovia-oh so wooly einzelunternehmen,info@anlovia-wolle.de
506,Kaipara - Merino Sportswear GmbH,info@kaipara.de
507,Kultgut GbR,kultgut@mail.de
508,GIRO - LIVE FOR THIS GmbH,info@giro-sports.com
509,WeeDo funwear GmbH GmbH,sales@weedo.de
510,Waschbär GmbH GmbH,kundenservice@waschbaer.de
511,NOAH - Italian Vegan Shoes Einzelunternehmer,contact@noah-shop.com
512,WeltPartner eG eingetragene Genossenschaft,info@weltpartner.de
513,ALPIN LOACKER GmbH GmbH,felix@alpinloacker.at
514,Kulmine e. K.,post@kulmine.de
515,Wollstube am Lesumer Bahnhof Einzelhandel,janssen@wollstube-bremen.de
516,Stadelmann Natur GbR,info@stadelmann-natur.de
517,MIRRORMONKEY Einzelunternehmen,mail@mirror-monkey.de
518,MyJama Einzelunternehmen,info@myjama.de
519,Doghammer GmbH,team@doghammer.de
520,Sterntaler GmbH,service@sterntaler.com
521,Dillysocks AG,contact@dillysocks.com
522,iQ Company AG,info@iq-uv.com
523,Carney GmbH & Co. KG,info@orangenkinder.de
524,soleash e.U.,kontakt@soleash.com
525,Barbara Betz & Volker Prößdorf GbR,info@magadi.de
526,HULKER EUROPE DISTRIBUTION s.r.o.,info@ragwear.com
527,maesh Gmbh,hellol@maesh.de
528,LANIUS GmbH,shop@lanius.com
529,vierfreunde GmbH,fraguns@kerbholz.com
530,Mey GmbH & Co. KG,info@mey.com
531,Wichtelkidz Einzelunternehmen,info@wichtelkidz.de
532,Sole Runner Einzelunternehmen,info@sole-runner.com
533,VON KRONBERG KG,info@von-kronberg.com
534,GOOD WILHELM - Clemens Burkert Einzelunternehmen,mail@goodwilhelm.com
535,bijoo Kautschuk Schmuck Einzelunternehmer,michael.niedermoser@gmail.com
536,simply love it. Einzelunternehmen,jule@simplyloveit.de
537,Avocado Store GmbH GmbH,info@avocadostore.de
538,anmila sportswear,contact@anmila.de
539,hessnatur Hess Natur-Textilien GmbH,dialog@hess-natur.de
540,pure-tex GmbH,mail@pure-pure.de
541,promavis - BIObay.de GmbH,info@biobay.de
542,entire stories GmbH,elena@entire-stories.com
543,Lilienthal Berlin GmbH,press@lilienthal.berlin
544,lille mus Einzelunternehmen von Lara Fischer,hej@lille-mus.de
545,moekafashion Einzelunternehmen,info.moekafashion@gmail.com
546,CONTIGO Fairtrade GmbH,info@contigo.de
547,bleed clothing GmbH,info@bleed-clothing.com
548,Many Mornings Adrian Morawiak Maciej Butkowski sp. k.,hello@manymornings.com
549,Secrid B.V.,info@secrid.com
550,Crawl & Clay GmbH,info@crawlandclay.com
551,SURU STUDIOS® created by Colombus Textilvertrieb GmbH,info@surustudios.com
552,DETTO FATTO Bay City Textilhandels GmbH,dettofatto-shop@fashioncenter.net
553,Senmotic 1.0 OHG,info@senmotic-shoes.eu
554,MOANINA Einzelunternehmen,kontakt@moanina.com
555,VIDAR Sport GmbH,team@vidar-sport.de
556,WOTE GmbH,hello@the-wote.com
557,littlegreenie OHG,info@littlegreenie.de
558,Clockwood - Sven Erik Stando Einzelunternehmung,sven@clockwood.net
559,Green Cotton Group Germany GmbH,info@bygreencotton.de
560,Le Shop Vegan LSV GmbH,info@leshopvegan.de
561,WAYKS / Lefas Fashion GmbH,hellowayks.com
562,PureKidz Einzelunternehmen,info@purekidz.de
563,KONTOR 1710 ac.concept GmbH & Co. KG,info@kontor1710.de
564,fuxandfriends Einzelunternehmen,info@fuxandfriends.de
565,Antonia Berndt & Julia Meinert GbR,info@antoniaberndt.de
566,ZIMMER Fahrradtaschen RAFU + ZIMMER OHG,mail@zimmer-taschen.de
567,AIRPAQ GmbH,presse@airpaq.de
568,avesu GmbH,avesu@avesu.de
569,ConvenientStyle Einzelunternehmen,info@convenientstyle.de
570,Samarali GmbH,info@samarali.eu
571,lindegger. KUESS die BRAUT GmbH,mail@kuessdiebraut.de
572,melovely GmbH & Co. KG,office@melovely.de
573,Designmob Verein in Gründung,kontakt@designmob.de
574,Ambiletics GmbH,hello@ambiletics.com
575,Lebenskleidung GbR,info@lebenskleidung.com
576,Dear Darling Berlin Einzelunternehmen,hallo@deardarling.berlin
577,Picopoc Einzelunternehmen,info@picopoc.com
578,Hirschkind supermarché Fair Fashion GmbH,info@hirschkind.de
579,supermarché Fair Fashion GmbH,info@supermarche-berlin.de
580,vincente® Einzelunternehmen,info@vincente.de
581,Biostoffe-Berlin by Julie Cocon Einzelunternehmen,info@juliecocon.de
582,SNUGATA organic kidswear Einzelunternehmerin,post@snugata.de
583,WiDDA - Sabine Kelle Einzelunternehmen,info@widda-berlin.de
584,Lasalina Einzelunternehmen,mail@lasalina.de
585,LOVECO GmbH,hello@loveco-shop.de
586,The Fair Cottage Einzelhandeln,info@thefaircottage.com
587,kula Einzelunternehmen,info@kula.shoes
588,ORONDA Fair Trade Goldschmiede .... Stefanie Holtz und Jürgen Krause GbR,post@oronda.de
589,t7berlin Einzelkauffrau,lp@t7berlin.com
590,Suit For Good BABAKOTO UG,hello@suitsforgood.com
591,CharLe - sustainable kids fashion Einzelunternehmen,info@charle-berlin.de
592,CARBASA - Segeltuchtaschen Personengesellschaft,info@carbasa.com
593,HUMANA Kleidersammlung GmbH,info@humana-kleidersammlung.de
594,Bonjour Sérénité Einzelunternehmen,bonjour@bonjourserenite.com
595,Schelchen GmbH,info@pedag.de
596,Frija Omina Einzelunternehmen,mail@frija-omina.com
597,slowli - Fair Fashion,hey@slowli.de
598,Deepmello UG,info@deepmello.de
599,Greenbomb Ethifashion GmbH,info@greenbomb.de
600,Mrs.Hippie GmbH,knauschner@geh-bunt.de
601,little kiwi Einzelunternehmer,info@little-kiwi.de
602,hukkepack Einzelhandel,hallo@hukkepack.de
603,karlskopf UG (haftungsbeschränkt),info@karlskopf.net
604,Jill Green GmbH,info@jillgreen.com
605,2Chance Upcycling Design Einzelunternehmer,info@2chanceupcyclingdesign.de
606,SchuhSign GmbH&Co. KG,info@schuhsign.de
607,MBaetz Einzelunternehmen,hello@mbaetz.com
608,Ethletic GmbH,info@ethletic.com
609,Cmig Charlotte & Christoph Sörman GbR,Cmig@Cmig.se
610,INASKA GmbH,hello@inaska.com
611,green.in.pieces Einzelunternehmen,support@greeninpieces.de
612,Cocon Commerz PRIVATSACHEN GmbH,info@privatsachen.de
613,Julia Starp Modedesign,office@reichert-pr.com
614,Cotton made in Africa Social Business Initiative / Stiftung,info@abt-foundation.org
615,SHIRTS FOR LIFE GmbH,info@shirtsforlife.de
616,BELEAF GbR,info@beleaf.shop
617,Bracenet GmbH,hello@bracenet.net
618,Manitober GmbH,service@manitober.de
619,Paulsen Fairtitude GbR,hello@jesango.de
620,Etiqueta Blanca - Alpaka Mode aus nachhaltiger Produktion Einzelunternehmen,info@alpaka-mode.com
621,Marlowe nature - green fashion Einzelhandel,info@marlowe-nature.de
622,MYMARINI GmbH,service@mymarini.com
623,NOY Hamburg GbR,yannick@noy-hamburg.com
624,recolution GmbH & Co. KG,mail@recolution.de
625,Lena Schokolade Kleinunternehmer,info@lena-schokolade.de
626,MajKay | fair | transparent | nachhaltig,info@majkay.com
627,MÁ Hemp Wear - Felde Vertrieb GmbH,info@mahempwear.com
628,boochen Einzelunternehmen,hello@boochen.co
629,more presents e.K.,info@nachhaltige-baumwolltaschen.de
630,Derbe e.K.,info@derbe-hamburg.de
631,Mondkind von Fesche Einzelunternehmen,mondkindvonfesche@gmail.com
632,8bft fashion-evolution GmbH,kontakt@8bft.hamburg
633,dieLOGOgmbh Agentur für Kunst und Kommunikation GmbH,wir@dieLOGOgmbh.de
634,Filigrana Schmuck - Individual Design Products UG,info@filigrana-schmuck.de
635,soki Label & Store Einzelunternehmen,info@soki-store.de
636,ALEXASCHA Design Studio GmbH,info@alexascha.de
637,like a bird lifestyle GmbH,info@like-a-bird.de
638,manbefair.com Inh. Selma Müller Einzelfirma,info@manbefair.com
639,Le Pirol GmbH,Hello@lepirol.com
640,mamalila GmbH,info@mamalila.de
641,JuliaPilot.de / Reflectstar GmbH,wirhelfen@juliapilot.com
642,Sandstrasse (Person),info@sandstrasse.com
643,Gudrun Sjödén GmbH,info@gudrunsjoeden.de
644,roots of compassion eG,info@rootsofcompassion.org
645,SAY time GbR,info@say-time.com
646,KaisuMari Einzelkauffrau,info@kaisumari.de
647,WEITBLICK® GmbH & Co. KG,service@weitblick.vision
648,Harold's Lederwaren GmbH,kontakt@harolds-bags.com
649,FairBleiben Einzelunternehmen,nachricht@fairbleiben.com
650,WePack UG (haftungsbeschränkt),hello@wepack.bio
651,Hohenloher Wolle GmbH,info@schoppel-wolle.de
652,Angels Ambition BTQS Schönbuchner GbR,kontakt@angels-ambition.de
653,Jack Wolfskin Ausrüstung für Draußen GmbH & Co. KGaA,info@jack-wolfskin.com
654,NATIVE SOULS organic-fair-fashion Einzelunternehmung,info@nativesouls.de
655,Sperling GbR,service@sperling-bags.com
656,Blaumann-Jeanshosen GmbH,guido@blaumann-jeanshosen.de
657,People Wear Organic GmbH,mail@peoplewearorganic.de
658,Schuh & Mode Kipp Einzelhandelsgesellschaft,info@kipp-schuhe.de
659,Human Family GbR,info@human-family.com
660,Africulture GbR,info@africulture.de
661,Think! Schuhwerk GmbH,manuela.schediwy@legero-united.com
662,Ehrenkind formbench GmbH,info@formbench.com
663,Ulalü - Ulla Lüer Modedesign Einzelunternehmen,info@ulalue.de
664,diejuju Einzelunternehmen,info@diejuju.de
665,Róka - fair clothing Einzelunternehmen,info@roka-fairclothing.de
666,skarabea Einzelunternehmen,hello@skarabea.de
667,KHAFFEE - Taschen ohne Plastik Einzelunternehmen,info@khaffee.de
668,Anna und Paul GmbH,email@annaundpaul.de
669,BUDEVI GbR,halina@budevi.com
670,emma & noah Emma & noah GmbH,flaschenpost@emmanoah.com
671,Dailybread GmbH,info@dailybread.eu
672,KAYA&KATO GmbH,info@kaya-kato.de
673,Sneakers Unplugged Einzelunternehmen,hello@sneakers-unplugged.de
674,MATES OF NATURE // Sahler & Moore GbR,info@matesofnature.com
675,Fremdformat Einzelunternehmen,info@fremdformat.de
676,fejn jewelry Einzelunternehmen,info@fejn.com
677,livingResponsible SOCIAL² UG (haftungsbeschränkt),service@livingresponsible.de
678,FOND OF GmbH,info@fondof.de
679,ARMEDANGELS GmbH,shop@armedangels.com
680,dressgoat GbR,support@dressgoat.de
681,PHYNE GmbH,kontakt@phyne.com
682,Vorfreude GmbH,fraguns@erlich-textil.de
683,DAILY'S NOTHING'S BETTER GmbH,online@dailysnothingsbetter.com
684,Feuerwear GmbH & Co. KG,info@feuerwear.de
685,Taynie Einzelunternehmen,info@taynie.de
686,Greenpicks Einzelunternehmen,kontakt@greenpicks.de
687,Sinfinis - FTS Fair Trade Shop GmbH,leonie@sinfinis.de
688,Belle Ikat UG,info@belleikat.de
689,Blümchen Stoffwindel GmbH GmbH,office@stoffwindelcompany.at
690,Deuter Sport GmbH,info@deuter.com
691,PAPERO® Einzelunternehmer,info@yesmarketing.de
692,GreenFeet Einzelunternehmen,Info@Einlagen-Shop.com
693,Dilling Unterwäsche A/S,Kundenservice@dilling-unterwaesche.de
694,Moyakora Einzelunternehmer,contact@moyakora.de
695,Nordwärts | Tietz Sperling und Herrlein GbR,info@nordwarts.de
696,pajama-day e.U.,info@pajama-day.com
697,Cannamoda Textilien aus Hanf Einzelfirma,p.rusch@cannamoda.de
698,denkefair Einzelunternehmen,info@denkefair.de
699,gotsutsumu GmbH,info@gotsutsumu.de
700,karokönig ecotailoring Einzelunternehmen,"hello@karokoenig,com"
701,KorkAllee.de GmbH,service@korkallee.de
702,Bamigo GmbH,info@bamigo.de
703,be free® stuff UG,info@befree.shoes
704,OGNX GmbH,contact@ognx.com
705,CÉLINE VOGEL Einzelunternehmen,celine_vogel[at]gmx.de
706,SANVT GmbH,care@sanvt.com
707,Liapure Design Studio Einzelunternehmen,contact@liapure.de
708,ThokkThokk GmbH & Co. KG,support@thokkthokk.com
709,PLANETICS UG,support@planetics.de
710,Kipepeo-Clothing Einzelunternehmen,info@kipepeo-clothing.com
711,YOU LOOK PERFECT Inh. Sandra Milacher,info@youlookperfect.at
712,Lori Einzelunternehmer,info@lori-welt.de
713,Schöffel Sportbekleidung GmbH,presse@schoeffel.de
714,mantrafant GmbH,team@mantrafant.com
715,Schnuffelinis Einzelunternehmen,service@schnuffelinis.de
716,ORAIN GmbH,office@raincombi.at
717,Martin Guthmann Schmuckmanufaktur seit 1906 e.K.,martin@guthmann.com
718,Jürgen Brand - Fair Fashion Manufactured in Austria Einzelunternehmen,juergen@juergenbrand.com
719,Nura Kassoume Einzelhandel,office@aurinshop.at
720,Schauraum für angewandte Kunst Einzelunternehmen,office@schauraum.at
721,Mama Ocllo Import UG (haftungsbeschränkt),martina@chillnfeel.com
722,Daniela Paradeis EPU,info@danielaparadeis.com
723,GREEN SHIRTS EG,service@green-shirts.com
724,COTONEA Gebr. Elmer & Zweifel GmbH & Co. KG,info@cotonea.de
725,Waldorfshop - Universnatur GmbH,kundenservice@waldorfshop.eu
726,burggrafburggraf // Burggraf Burggraf-Reusch GbR,info@burggrafburggraf.de
727,KOKOworld Einzelunternehmen,hello@kokoworld.de
728,Soulcover Kleinunternehmer,kontakt@soulcover-clothing.de
729,respecca handel.t Einzelunternehmen,shop@respecca.com
730,VAPUS.organics by Punya GmbH,info@vapus.org
731,LDP Homemade e.U.,hello@ldp-homemade.de
732,Speidel GmbH,info@speidelshop.com
733,Infinite Running GmbH,info@infinite-running.de
734,LOVJOI Organic Clothing GmbH,info@lovjoi.com
735,Wollerei Einzelunternehmen,shop@wollerei.at
736,ResTasch Handgenähte Jeanstaschen aus Österreich,restasch@chello.at
737,Ompura GmbH,service@ompura.com
738,Comazo GmbH & Co.KG,info@comazo.de
739,Project Cece NL: Vennootschap onder firma,info@projectcece.nl
740,Schäfereigenossenschaft Finkhof eG,info@finkhof.de
741,King Louie - Vintage inspirietre Mode aus Amsterdam,onlineshop@kinglouie.de
742,Robin | hochgrat textil GmbH,hello@robin-shop.com
743,VAUDE Sport GmbH & Co.KG,sustainability@vaude.com
744,M-KA Kleinunternehmer,info@mka-kreativ.de
745,BRUNA the Label GmbH,hello@brunathelabel.com
746,AURHEN ecofair Einzelunternehmen,info@aurhen.de
747,AlpacaOne GmbH,info@alpacaone.de
748,3FREUNDE Einzelfirma,info@3freunde.com
749,Iron Roots VOF,info@ironroots.nl
750,Coa Coa / Ursula Piber & Ines Häfner GbR,ines@coagoa.com
751,zündstoff - fair organic clothing GbR,info@zuendstoff-clothing.de
752,Laimer GmbH,info@laimer.bz
753,Edeltruhe - kreativ und individuell,edeltruhe@edeltruhe.de
754,Korkeria | Aus Kork. Für Dich.,shop@korkeria.ch
